/*
SQLyog Community v12.2.1 (64 bit)
MySQL - 8.0.22 : Database - odonto
*********************************************************************
*/

/*!40101 SET NAMES utf8 */;

/*!40101 SET SQL_MODE=''*/;

/*!40014 SET @OLD_UNIQUE_CHECKS=@@UNIQUE_CHECKS, UNIQUE_CHECKS=0 */;
/*!40014 SET @OLD_FOREIGN_KEY_CHECKS=@@FOREIGN_KEY_CHECKS, FOREIGN_KEY_CHECKS=0 */;
/*!40101 SET @OLD_SQL_MODE=@@SQL_MODE, SQL_MODE='NO_AUTO_VALUE_ON_ZERO' */;
/*!40111 SET @OLD_SQL_NOTES=@@SQL_NOTES, SQL_NOTES=0 */;
CREATE DATABASE /*!32312 IF NOT EXISTS*/`odonto` /*!40100 DEFAULT CHARACTER SET latin1 */ /*!80016 DEFAULT ENCRYPTION='N' */;

USE `odonto`;

/*Table structure for table `cc_cuenta_cliente` */

DROP TABLE IF EXISTS `cc_cuenta_cliente`;

CREATE TABLE `cc_cuenta_cliente` (
  `IDCUENTACLIENTE` int NOT NULL,
  `IDPERSONA` int NOT NULL,
  `IDAGENDAMIENTO` int DEFAULT NULL,
  `ITEM_AGEN` int DEFAULT NULL,
  `NROCUOTA` int DEFAULT NULL,
  `FEC_VENCIMIENTO` timestamp NULL DEFAULT '0000-00-00 00:00:00',
  `MONTO` decimal(50,3) DEFAULT NULL,
  `SALDO` decimal(50,3) DEFAULT NULL,
  `COMENTARIO` varchar(500) DEFAULT NULL,
  `ESTADO` char(1) CHARACTER SET latin1 COLLATE latin1_swedish_ci DEFAULT NULL COMMENT 'C: cobrado, A: activo;',
  `USU_ALTA` int DEFAULT NULL,
  `FEC_ALTA` timestamp NULL DEFAULT CURRENT_TIMESTAMP,
  PRIMARY KEY (`IDCUENTACLIENTE`,`IDPERSONA`)
) ENGINE=InnoDB DEFAULT CHARSET=latin1;

/*Data for the table `cc_cuenta_cliente` */

insert  into `cc_cuenta_cliente`(`IDCUENTACLIENTE`,`IDPERSONA`,`IDAGENDAMIENTO`,`ITEM_AGEN`,`NROCUOTA`,`FEC_VENCIMIENTO`,`MONTO`,`SALDO`,`COMENTARIO`,`ESTADO`,`USU_ALTA`,`FEC_ALTA`) values 
(1,4,1,1,1,'2022-10-24 11:00:00','105000.000','0.000','AGENDAMIENTO DE PRUEBA EL DIA 24/10/2022 A LAS 11:00.','C',2,'2022-10-18 13:02:03'),
(2,5,1,2,1,'2022-10-25 15:00:00','105000.000','0.000','AGENDAMIENTO DE PRUEBA EL DIA 25/10/2022 A LAS 15:00.','C',5,'2022-10-18 13:17:53'),
(3,5,1,3,1,'2022-10-25 17:00:00','105000.000','105000.000','AGENDAMIENTO DE PRUEBA EL DIA 25/10/2022 A LAS 17:00.','X',5,'2022-10-18 13:18:19'),
(4,5,1,4,1,'2022-10-24 09:00:00','105000.000','105000.000','AGENDAMIENTO DE PRUEBA EL DIA 24/10/2022 A LAS 09:00.','A',2,'2022-10-19 13:59:09'),
(5,4,2,1,1,'2022-10-24 10:00:00','105000.000','105000.000','AGENDAMIENTO DE PRUEBA EL DIA 24/10/2022 A LAS 10:00.','A',2,'2022-10-20 13:35:53');

/*Table structure for table `ope_agendamiento` */

DROP TABLE IF EXISTS `ope_agendamiento`;

CREATE TABLE `ope_agendamiento` (
  `IDAGENDAMIENTO` int NOT NULL,
  `IDCLINICA` int DEFAULT NULL COMMENT 'IDCLINICA DONDE EL MEDICO TIENE UN PLAN HORARIO Y EN DONDE EL PACIENTE ELIGIRIA PARA IR A CONSULTAR',
  `IDMEDICO` int DEFAULT NULL,
  `IDESPECIALIDAD` int DEFAULT NULL,
  `IDPERSONA` int DEFAULT NULL,
  `FECHA` date DEFAULT NULL,
  `TURNO` varchar(15) DEFAULT NULL,
  `DESDE` timestamp NULL DEFAULT NULL,
  `HASTA` timestamp NULL DEFAULT NULL,
  `ESTADO` char(1) CHARACTER SET latin1 COLLATE latin1_swedish_ci DEFAULT NULL COMMENT 'A: ACTIVO / C: CERRADO',
  `USU_ALTA` int DEFAULT NULL,
  `FEC_ALTA` timestamp NULL DEFAULT NULL,
  PRIMARY KEY (`IDAGENDAMIENTO`),
  KEY `fkc_id_clinica` (`IDCLINICA`),
  KEY `fkc_id_especialidad` (`IDESPECIALIDAD`),
  KEY `fkc_id_medico` (`IDMEDICO`),
  CONSTRAINT `fkc_id_clinica` FOREIGN KEY (`IDCLINICA`) REFERENCES `ope_clinica` (`IDCLINICA`),
  CONSTRAINT `fkc_id_especialidad` FOREIGN KEY (`IDESPECIALIDAD`) REFERENCES `rh_especialidad` (`IDESPECIALIDAD`),
  CONSTRAINT `fkc_id_medico` FOREIGN KEY (`IDMEDICO`) REFERENCES `rh_persona` (`IDPERSONA`)
) ENGINE=InnoDB DEFAULT CHARSET=latin1;

/*Data for the table `ope_agendamiento` */

insert  into `ope_agendamiento`(`IDAGENDAMIENTO`,`IDCLINICA`,`IDMEDICO`,`IDESPECIALIDAD`,`IDPERSONA`,`FECHA`,`TURNO`,`DESDE`,`HASTA`,`ESTADO`,`USU_ALTA`,`FEC_ALTA`) values 
(1,1,3,1,NULL,NULL,NULL,NULL,NULL,'C',2,'2022-10-18 13:02:03'),
(2,1,3,1,NULL,NULL,NULL,NULL,NULL,'A',2,'2022-10-20 13:35:53');

/*Table structure for table `ope_agendamiento_det` */

DROP TABLE IF EXISTS `ope_agendamiento_det`;

CREATE TABLE `ope_agendamiento_det` (
  `IDAGENDAMIENTO` int NOT NULL,
  `ITEM` int NOT NULL,
  `FECHA_AGEN` date DEFAULT NULL,
  `HORA` timestamp NULL DEFAULT '0000-00-00 00:00:00',
  `IDPACIENTE` int DEFAULT NULL,
  `NROPACIENTEFICHA` varchar(100) DEFAULT NULL,
  `MOTIVO` varchar(50) DEFAULT NULL,
  `SEGUROMED` varchar(50) DEFAULT NULL,
  `IDSEGUROMED` int DEFAULT NULL,
  `VISITATIPO` varchar(50) DEFAULT NULL,
  `COMENTARIO` varchar(500) DEFAULT NULL,
  `ESTADO` char(1) CHARACTER SET latin1 COLLATE latin1_swedish_ci DEFAULT NULL COMMENT 'P: PENDIENTE; A: ACTIVO; C: CERRADO;',
  `USU_ALTA` int DEFAULT NULL,
  `FEC_ALTA` timestamp NULL DEFAULT '0000-00-00 00:00:00',
  `FEC_ATENCION` timestamp NULL DEFAULT '0000-00-00 00:00:00',
  `IDFACTURA` int DEFAULT NULL,
  `AGENDADO` char(2) CHARACTER SET latin1 COLLATE latin1_swedish_ci DEFAULT NULL COMMENT 'COLUMNA QUE ME DIRA SI YA ME HE AGENDADO O NO CON EL MEDICO, PARA EVITAR QUE EL DISPATCHER DEL SERVLET VUELVA A REPETIR LA ACCION DE GUARDAR UTILIZANDO ESTE CAMPO COMO BANDERA',
  `IDCONFIGAGEND` int DEFAULT '0' COMMENT 'LO GUARDO PARA TENER COMO REFERENCIA CUAL ID UTILICE APARTE DE GUARDAR LA DESCRIPCION EN LA CUENTA CLIENTE LO GUARDO EN EL CAMPO DE COMENTARIO YA QUE NO LO UTILIZO PARA OTRA COSA (09/09/22)',
  PRIMARY KEY (`IDAGENDAMIENTO`,`ITEM`)
) ENGINE=InnoDB DEFAULT CHARSET=latin1;

/*Data for the table `ope_agendamiento_det` */

insert  into `ope_agendamiento_det`(`IDAGENDAMIENTO`,`ITEM`,`FECHA_AGEN`,`HORA`,`IDPACIENTE`,`NROPACIENTEFICHA`,`MOTIVO`,`SEGUROMED`,`IDSEGUROMED`,`VISITATIPO`,`COMENTARIO`,`ESTADO`,`USU_ALTA`,`FEC_ALTA`,`FEC_ATENCION`,`IDFACTURA`,`AGENDADO`,`IDCONFIGAGEND`) values 
(1,1,'2022-10-24','2022-10-24 11:00:00',4,'','','',0,'','AGENDAMIENTO DE PRUEBA EL DIA 24/10/2022 A LAS 11:00.','C',2,'2022-10-18 13:02:03','2022-10-18 13:06:13',1,'SI',16),
(1,2,'2022-10-25','2022-10-25 15:00:00',5,'','','',0,'','AGENDAMIENTO DE PRUEBA EL DIA 25/10/2022 A LAS 15:00.','C',5,'2022-10-18 13:17:53','2022-10-18 13:23:55',2,'SI',16),
(1,3,'2022-10-25','2022-10-25 17:00:00',5,'','','',0,'','AGENDAMIENTO DE PRUEBA EL DIA 25/10/2022 A LAS 17:00.','X',5,'2022-10-18 13:18:19',NULL,0,'NO',16),
(1,4,'2022-10-24','2022-10-24 09:00:00',5,'','','',0,'','AGENDAMIENTO DE PRUEBA EL DIA 24/10/2022 A LAS 09:00.','P',2,'2022-10-19 13:59:09',NULL,0,'NO',16),
(2,1,'2022-10-24','2022-10-24 10:00:00',4,'','','',0,'','AGENDAMIENTO DE PRUEBA EL DIA 24/10/2022 A LAS 10:00.','P',2,'2022-10-20 13:35:53',NULL,0,'NO',16);

/*Table structure for table `ope_atencion_paciente` */

DROP TABLE IF EXISTS `ope_atencion_paciente`;

CREATE TABLE `ope_atencion_paciente` (
  `IDATENCIONPAC` int NOT NULL,
  `IDAGENDAMIENTO` int DEFAULT NULL COMMENT 'ID DEL AGENDAMIENTO',
  `ITEM_AGEND_DET` int DEFAULT NULL COMMENT 'ITEM DEL DETALLE DEL AGENDAMIENTO',
  `IDPACIENTE` int DEFAULT NULL,
  `PESO` varchar(20) DEFAULT NULL COMMENT 'PARÁMETROS OPCIONALES',
  `TALLA` varchar(20) DEFAULT NULL COMMENT 'PARÁMETROS OPCIONALES',
  `IMC` varchar(20) DEFAULT NULL COMMENT 'PARÁMETROS OPCIONALES',
  `P_CEFALICO` varchar(20) DEFAULT NULL COMMENT 'PARÁMETROS OPCIONALES',
  `FC` varchar(20) DEFAULT NULL COMMENT 'PARÁMETROS OPCIONALES',
  `TEMP` varchar(20) DEFAULT NULL COMMENT 'PARÁMETROS OPCIONALES',
  `PA` varchar(20) DEFAULT NULL COMMENT 'PARÁMETROS OPCIONALES',
  `F_RESP` varchar(20) DEFAULT NULL COMMENT 'PARÁMETROS OPCIONALES',
  `MOTIVO_CONSULTA` varchar(500) DEFAULT NULL COMMENT 'MOTIVO DE CONSULTA / INTERROGATORIO',
  `EXPLORACION_FISICA` varchar(500) DEFAULT NULL COMMENT 'EXPLORACION FISICA',
  `DIAGNOSTICO` varchar(800) CHARACTER SET latin1 COLLATE latin1_swedish_ci DEFAULT NULL COMMENT 'DIAGNÓSTICO',
  `TRATAMIENTO` varchar(1000) CHARACTER SET latin1 COLLATE latin1_swedish_ci DEFAULT NULL COMMENT 'TRATAMIENTO',
  `RECETA` varchar(800) CHARACTER SET latin1 COLLATE latin1_swedish_ci DEFAULT NULL COMMENT 'RECETA',
  `ESTUDIOS_SOLICITADOS` varchar(800) CHARACTER SET latin1 COLLATE latin1_swedish_ci DEFAULT NULL COMMENT 'ESTUDIOS SOLICITADOS / REALIZADOS',
  `USU_ALTA` int DEFAULT NULL,
  `FEC_ALTA` timestamp NULL DEFAULT NULL,
  `ESTADO` char(1) DEFAULT NULL,
  `IDCLINICA` int DEFAULT NULL,
  `USU_MODI` int DEFAULT NULL COMMENT 'AL ANULAR O MODIFICAR EL REGISTRO VOY A CARGAR EL USUARIO Y LA FECHA EN ESTOS CAMPOS',
  `FEC_MODI` timestamp NULL DEFAULT '0000-00-00 00:00:00',
  PRIMARY KEY (`IDATENCIONPAC`)
) ENGINE=InnoDB DEFAULT CHARSET=latin1;

/*Data for the table `ope_atencion_paciente` */

insert  into `ope_atencion_paciente`(`IDATENCIONPAC`,`IDAGENDAMIENTO`,`ITEM_AGEND_DET`,`IDPACIENTE`,`PESO`,`TALLA`,`IMC`,`P_CEFALICO`,`FC`,`TEMP`,`PA`,`F_RESP`,`MOTIVO_CONSULTA`,`EXPLORACION_FISICA`,`DIAGNOSTICO`,`TRATAMIENTO`,`RECETA`,`ESTUDIOS_SOLICITADOS`,`USU_ALTA`,`FEC_ALTA`,`ESTADO`,`IDCLINICA`,`USU_MODI`,`FEC_MODI`) values 
(1,1,1,4,'','','','','','','','','EXAMPLE','Lorem Ipsum is simply dummy text','Lorem Ipsum is simply dummy text','','','',3,'2022-10-18 13:06:13','A',1,NULL,'0000-00-00 00:00:00'),
(2,1,2,5,'12','2','2','2','3','1','1','1','Lorem Ipsum is simply dummy text','Lorem Ipsum is simply dummy text','Lorem Ipsum is simply dummy text','','','',3,'2022-10-18 13:23:55','A',1,NULL,'0000-00-00 00:00:00');

/*Table structure for table `ope_atencion_paciente_det` */

DROP TABLE IF EXISTS `ope_atencion_paciente_det`;

CREATE TABLE `ope_atencion_paciente_det` (
  `IDATENCIONPAC` int NOT NULL,
  `ITEM` int NOT NULL,
  `IDSERVICIO` int DEFAULT NULL,
  `MONTO` int DEFAULT NULL,
  `ESTADO` char(1) DEFAULT NULL,
  `USU_ALTA` int DEFAULT NULL,
  `FEC_ALTA` timestamp NULL DEFAULT NULL,
  `USU_MODI` int DEFAULT NULL COMMENT 'AL ANULAR O MODIFICAR EL REGISTRO VOY A CARGAR EL USUARIO Y LA FECHA EN ESTOS CAMPOS',
  `FEC_MODI` timestamp NULL DEFAULT '0000-00-00 00:00:00',
  PRIMARY KEY (`IDATENCIONPAC`,`ITEM`),
  KEY `cn_id_servicio` (`IDSERVICIO`),
  CONSTRAINT `cn_id_servicio` FOREIGN KEY (`IDSERVICIO`) REFERENCES `rh_servicio` (`IDSERVICIO`)
) ENGINE=InnoDB DEFAULT CHARSET=latin1;

/*Data for the table `ope_atencion_paciente_det` */

insert  into `ope_atencion_paciente_det`(`IDATENCIONPAC`,`ITEM`,`IDSERVICIO`,`MONTO`,`ESTADO`,`USU_ALTA`,`FEC_ALTA`,`USU_MODI`,`FEC_MODI`) values 
(1,1,1,150000,'A',3,'2022-10-18 13:06:13',NULL,'0000-00-00 00:00:00'),
(2,1,1,150000,'A',3,'2022-10-18 13:23:55',3,'2022-10-18 13:24:11');

/*Table structure for table `ope_clinica` */

DROP TABLE IF EXISTS `ope_clinica`;

CREATE TABLE `ope_clinica` (
  `IDCLINICA` int NOT NULL AUTO_INCREMENT,
  `DESC_CLINICA` varchar(100) DEFAULT NULL,
  `DIRECCION` varchar(80) DEFAULT NULL,
  `TELEFONO` varchar(20) DEFAULT NULL,
  `EMAIL` varchar(50) DEFAULT NULL,
  `ESTADO` char(1) DEFAULT 'A',
  `USU_ALTA` int DEFAULT NULL,
  `FEC_ALTA` datetime DEFAULT NULL,
  PRIMARY KEY (`IDCLINICA`)
) ENGINE=InnoDB AUTO_INCREMENT=15 DEFAULT CHARSET=latin1;

/*Data for the table `ope_clinica` */

insert  into `ope_clinica`(`IDCLINICA`,`DESC_CLINICA`,`DIRECCION`,`TELEFONO`,`EMAIL`,`ESTADO`,`USU_ALTA`,`FEC_ALTA`) values 
(1,'CENTRAL','0','0','0','A',0,'2022-10-18 12:20:31'),
(13,'EXAMPLE INACTIVO','A','0','A','I',2,'2022-10-20 13:22:04');

/*Table structure for table `ope_factura` */

DROP TABLE IF EXISTS `ope_factura`;

CREATE TABLE `ope_factura` (
  `IDFACTURA` int NOT NULL,
  `IDCLINICA` int DEFAULT NULL,
  `NROFACTURA` varchar(150) DEFAULT NULL,
  `TIPOFACTURA` varchar(2) DEFAULT NULL,
  `IDCLIENTE` int DEFAULT NULL,
  `FECHAFACTURA` date DEFAULT NULL,
  `IDARQUEO` int DEFAULT NULL,
  `ESTADO` char(1) DEFAULT NULL,
  `TOTAL_FACTURA` decimal(50,3) DEFAULT NULL,
  `TOTAL_DCTO` decimal(50,3) DEFAULT NULL,
  `TOTAL_IVA10` decimal(50,3) DEFAULT NULL,
  `TOTAL_IVA5` decimal(50,3) DEFAULT NULL,
  `TOTAL_GRAV10` decimal(50,3) DEFAULT NULL,
  `TOTAL_GRAV5` decimal(50,3) DEFAULT NULL,
  `TOTAL_EXENTA` decimal(50,3) DEFAULT NULL,
  `TOTAL_IVA` decimal(50,3) DEFAULT NULL,
  `IDFORMACOBRO` int DEFAULT NULL,
  `LETRAS` varchar(500) DEFAULT NULL,
  `OBSERVACION` varchar(500) DEFAULT NULL,
  `USU_ALTA` int DEFAULT NULL,
  `FEC_ALTA` timestamp NULL DEFAULT CURRENT_TIMESTAMP,
  PRIMARY KEY (`IDFACTURA`)
) ENGINE=InnoDB DEFAULT CHARSET=latin1;

/*Data for the table `ope_factura` */

insert  into `ope_factura`(`IDFACTURA`,`IDCLINICA`,`NROFACTURA`,`TIPOFACTURA`,`IDCLIENTE`,`FECHAFACTURA`,`IDARQUEO`,`ESTADO`,`TOTAL_FACTURA`,`TOTAL_DCTO`,`TOTAL_IVA10`,`TOTAL_IVA5`,`TOTAL_GRAV10`,`TOTAL_GRAV5`,`TOTAL_EXENTA`,`TOTAL_IVA`,`IDFORMACOBRO`,`LETRAS`,`OBSERVACION`,`USU_ALTA`,`FEC_ALTA`) values 
(1,1,'001-004-00181022','Co',4,'2022-10-18',0,'C','105000.000','0.000','0.000','0.000','0.000','0.000','0.000','0.000',1,' Ciento Cinco Mil ','',2,'2022-10-18 13:04:40'),
(2,1,'001-002-00181022','Co',5,'2022-10-18',0,'C','105000.000','0.000','0.000','0.000','0.000','0.000','0.000','0.000',1,' Ciento Cinco Mil ','',2,'2022-10-18 13:22:01');

/*Table structure for table `ope_factura_det` */

DROP TABLE IF EXISTS `ope_factura_det`;

CREATE TABLE `ope_factura_det` (
  `IDFACTURA` int DEFAULT NULL,
  `ITEM` int DEFAULT NULL,
  `IDCONCEPTO` int DEFAULT NULL,
  `IDTIPOCONCEPTO` int DEFAULT NULL,
  `CANTIDAD` int DEFAULT NULL,
  `PRECIO` decimal(50,3) DEFAULT NULL,
  `IDIMPUESTO` int DEFAULT NULL,
  `EXENTO` decimal(50,3) DEFAULT NULL,
  `IVA5` decimal(50,3) DEFAULT NULL,
  `IVA10` decimal(50,3) DEFAULT NULL,
  `GRAV5` decimal(50,3) DEFAULT NULL,
  `GRAV10` decimal(50,3) DEFAULT NULL,
  `SUBTOTAL` decimal(50,3) DEFAULT NULL,
  `DESCRIPCION_AUX` varchar(500) CHARACTER SET latin1 COLLATE latin1_swedish_ci DEFAULT NULL COMMENT 'CARGO LA DESCRIPCION DEL CONCEPTO, AUNQUE NO LO UTILICE PARA LOS CONCEPTO DE CUENTA CLIENTE Y PRODUCTO, LO NECESITO MAS PARA EL CONCEPTO DE AGREGAR INTERES GUARDAR SU DESCRIPCION Y LA DESCRIPCION DE DESCUENTO'
) ENGINE=InnoDB DEFAULT CHARSET=latin1;

/*Data for the table `ope_factura_det` */

insert  into `ope_factura_det`(`IDFACTURA`,`ITEM`,`IDCONCEPTO`,`IDTIPOCONCEPTO`,`CANTIDAD`,`PRECIO`,`IDIMPUESTO`,`EXENTO`,`IVA5`,`IVA10`,`GRAV5`,`GRAV10`,`SUBTOTAL`,`DESCRIPCION_AUX`) values 
(1,1,1,1,1,'105000.000',0,'0.000','0.000','0.000','0.000','0.000','105000.000','AGENDAMIENTO DE PRUEBA EL DIA 24/10/2022 A LAS 11:00.'),
(2,1,2,1,1,'105000.000',0,'0.000','0.000','0.000','0.000','0.000','105000.000','AGENDAMIENTO DE PRUEBA EL DIA 25/10/2022 A LAS 15:00.');

/*Table structure for table `ope_marca` */

DROP TABLE IF EXISTS `ope_marca`;

CREATE TABLE `ope_marca` (
  `IDMARCA` int NOT NULL AUTO_INCREMENT,
  `MARCA` varchar(50) DEFAULT NULL,
  `ESTADO` char(1) DEFAULT NULL,
  `USU_ALTA` int DEFAULT NULL,
  `FEC_ALTA` timestamp NULL DEFAULT NULL,
  PRIMARY KEY (`IDMARCA`)
) ENGINE=InnoDB DEFAULT CHARSET=latin1;

/*Data for the table `ope_marca` */

/*Table structure for table `ope_plan_horario` */

DROP TABLE IF EXISTS `ope_plan_horario`;

CREATE TABLE `ope_plan_horario` (
  `IDPLANHORARIO` int NOT NULL,
  `IDCLINICA` int DEFAULT NULL,
  `IDMEDICO` int DEFAULT NULL,
  `USU_ALTA` int DEFAULT NULL,
  `FEC_ALTA` timestamp NULL DEFAULT NULL,
  `ESTADO` char(1) DEFAULT NULL,
  PRIMARY KEY (`IDPLANHORARIO`)
) ENGINE=InnoDB DEFAULT CHARSET=latin1;

/*Data for the table `ope_plan_horario` */

insert  into `ope_plan_horario`(`IDPLANHORARIO`,`IDCLINICA`,`IDMEDICO`,`USU_ALTA`,`FEC_ALTA`,`ESTADO`) values 
(1,1,3,3,'2022-10-18 12:47:37','A');

/*Table structure for table `ope_plan_horario_det` */

DROP TABLE IF EXISTS `ope_plan_horario_det`;

CREATE TABLE `ope_plan_horario_det` (
  `IDPLANHORARIO` int NOT NULL,
  `ITEM` int NOT NULL,
  `TURNO` varchar(15) DEFAULT NULL,
  `DESDE` timestamp NULL DEFAULT '0000-00-00 00:00:00',
  `HASTA` timestamp NULL DEFAULT '0000-00-00 00:00:00',
  `DIA` varchar(30) CHARACTER SET latin1 COLLATE latin1_swedish_ci DEFAULT NULL,
  `USU_ALTA` int DEFAULT NULL,
  `FEC_ALTA` timestamp NULL DEFAULT NULL,
  `ESTADO` char(1) CHARACTER SET latin1 COLLATE latin1_swedish_ci DEFAULT NULL COMMENT 'EL ESTADO EN EL DETALLE LO UTILIZARE PARA CUANDO EL USUARIO QUIERA ELIMINAR UNA LINEA YO LE INACTIVE NOMAS Y ASI NO SE ELIMINE COMPLETAMENTE EL DATO Y EN LA VENTANA SOLO LE MOSTRARE LOS ACTIVO HACIENDOLE CREER AL USUARIO QUE SE ELIMINO COMPLETAMENTE',
  PRIMARY KEY (`IDPLANHORARIO`,`ITEM`)
) ENGINE=InnoDB DEFAULT CHARSET=latin1;

/*Data for the table `ope_plan_horario_det` */

insert  into `ope_plan_horario_det`(`IDPLANHORARIO`,`ITEM`,`TURNO`,`DESDE`,`HASTA`,`DIA`,`USU_ALTA`,`FEC_ALTA`,`ESTADO`) values 
(1,1,'M','2022-10-19 08:00:00','2022-10-19 13:00:00','LUNES',2,'2022-10-19 11:55:20','A'),
(1,2,'T','2022-10-19 12:00:00','2022-10-19 17:00:00','MARTES',2,'2022-10-19 11:55:20','A'),
(1,3,'N','2022-10-19 18:30:00','2022-10-19 22:30:00','MIERCOLES',2,'2022-10-19 11:55:20','A');

/*Table structure for table `ope_producto` */

DROP TABLE IF EXISTS `ope_producto`;

CREATE TABLE `ope_producto` (
  `IDPRODUCTO` int NOT NULL AUTO_INCREMENT,
  `DESCRIPCION` varchar(250) DEFAULT NULL,
  `IDMARCA` int DEFAULT NULL,
  `IVA` int DEFAULT NULL,
  `PRECIO` decimal(50,3) DEFAULT '0.000',
  `COSTO` decimal(50,3) DEFAULT '0.000',
  `ESTADO` char(1) DEFAULT 'A',
  `USU_ALTA` int DEFAULT NULL,
  `FEC_ALTA` timestamp NULL DEFAULT NULL,
  PRIMARY KEY (`IDPRODUCTO`)
) ENGINE=InnoDB DEFAULT CHARSET=latin1;

/*Data for the table `ope_producto` */

/*Table structure for table `ope_stock` */

DROP TABLE IF EXISTS `ope_stock`;

CREATE TABLE `ope_stock` (
  `IDSTOCK` int NOT NULL AUTO_INCREMENT,
  `IDPRODUCTO` int DEFAULT NULL,
  `LOTE` varchar(80) DEFAULT NULL,
  `STOCK` int DEFAULT '0',
  `IDCLINICA` int DEFAULT NULL,
  `IDDEPOSITO` int DEFAULT NULL,
  `IDCLIENTE` int DEFAULT NULL,
  PRIMARY KEY (`IDSTOCK`)
) ENGINE=InnoDB DEFAULT CHARSET=latin1;

/*Data for the table `ope_stock` */

/*Table structure for table `ope_tipo_concepto` */

DROP TABLE IF EXISTS `ope_tipo_concepto`;

CREATE TABLE `ope_tipo_concepto` (
  `IDTIPOCONCEPTO` int NOT NULL AUTO_INCREMENT COMMENT 'TABLA QUE UTILIZARE PARA DIFERENCIAR LOS CONCEPTO QUE SE PUEDAN FACTURAR, YA QUE PUEDE SER CUOTAS, PRODUCTOS, CUENTAS, ETC.',
  `DESCRIPCION` varchar(50) DEFAULT NULL,
  `ESTADO` char(1) CHARACTER SET latin1 COLLATE latin1_swedish_ci DEFAULT 'A',
  PRIMARY KEY (`IDTIPOCONCEPTO`)
) ENGINE=InnoDB AUTO_INCREMENT=6 DEFAULT CHARSET=latin1;

/*Data for the table `ope_tipo_concepto` */

insert  into `ope_tipo_concepto`(`IDTIPOCONCEPTO`,`DESCRIPCION`,`ESTADO`) values 
(1,'CUENTA','A'),
(2,'PRODUCTO (STOCK)','A'),
(3,'INTERES AGREGADO','A'),
(4,'DESCUENTO AGREGADO','A'),
(5,'SERVICIO','A');

/*Table structure for table `ope_transaccion` */

DROP TABLE IF EXISTS `ope_transaccion`;

CREATE TABLE `ope_transaccion` (
  `IDTRANSACCION` int NOT NULL,
  `FECHA` date DEFAULT NULL,
  `TIPO_TRANSACCION` varchar(10) DEFAULT NULL,
  `OBSERVACION` varchar(500) DEFAULT NULL,
  `RESPONSABLE` int DEFAULT NULL,
  `IDCLINICA` int DEFAULT NULL,
  `IDDEPOSITO` int DEFAULT NULL,
  `USU_ALTA` int DEFAULT NULL,
  `FEC_ALTA` timestamp NULL DEFAULT NULL,
  PRIMARY KEY (`IDTRANSACCION`)
) ENGINE=InnoDB DEFAULT CHARSET=latin1;

/*Data for the table `ope_transaccion` */

/*Table structure for table `ope_transaccion_det` */

DROP TABLE IF EXISTS `ope_transaccion_det`;

CREATE TABLE `ope_transaccion_det` (
  `IDTRANSACCION` int NOT NULL,
  `ITEM` int NOT NULL,
  `IDPRODUCTO` int DEFAULT NULL,
  `IDCLIENTE` int DEFAULT NULL,
  `CANTIDAD` int DEFAULT NULL,
  `LOTE` varchar(80) DEFAULT NULL,
  `PRECIO` int DEFAULT NULL,
  `COSTO` int DEFAULT NULL,
  `SUBTOTAL_PRECIO` int DEFAULT NULL,
  `SUBTOTAL_COSTO` int DEFAULT NULL,
  PRIMARY KEY (`IDTRANSACCION`,`ITEM`)
) ENGINE=InnoDB DEFAULT CHARSET=latin1;

/*Data for the table `ope_transaccion_det` */

/*Table structure for table `rh_especialidad` */

DROP TABLE IF EXISTS `rh_especialidad`;

CREATE TABLE `rh_especialidad` (
  `IDESPECIALIDAD` int NOT NULL,
  `DESC_ESPECIALIDAD` varchar(50) DEFAULT NULL,
  `ESTADO` char(1) CHARACTER SET latin1 COLLATE latin1_swedish_ci DEFAULT 'A',
  `MONTO` int DEFAULT '0',
  `IVA` int DEFAULT '0',
  PRIMARY KEY (`IDESPECIALIDAD`)
) ENGINE=InnoDB DEFAULT CHARSET=latin1;

/*Data for the table `rh_especialidad` */

insert  into `rh_especialidad`(`IDESPECIALIDAD`,`DESC_ESPECIALIDAD`,`ESTADO`,`MONTO`,`IVA`) values 
(1,'Example','A',105000,0),
(2,'EXAMPLE INACTIVO','I',0,0);

/*Table structure for table `rh_persona` */

DROP TABLE IF EXISTS `rh_persona`;

CREATE TABLE `rh_persona` (
  `IDPERSONA` int NOT NULL,
  `NOMBRE` varchar(50) DEFAULT NULL,
  `APELLIDO` varchar(50) DEFAULT NULL,
  `CINRO` varchar(20) DEFAULT NULL,
  `TIPODOC` varchar(10) DEFAULT NULL,
  `IDCATEGORIA_PERSONA` int DEFAULT NULL COMMENT 'LO MANEJO COMO SI FUERA PERFIL',
  `DESC_CATEG_PERSONA` varchar(20) DEFAULT NULL,
  `RAZON_SOCIAL` varchar(100) DEFAULT NULL,
  `RUC` varchar(20) DEFAULT NULL,
  `DIRECCION` varchar(80) DEFAULT NULL,
  `EMAIL` varchar(80) DEFAULT NULL,
  `IDBARRIO` int DEFAULT NULL,
  `IDCIUDAD` int DEFAULT NULL,
  `TELFPARTICULAR` varchar(20) DEFAULT NULL,
  `TELFMOVIL` varchar(20) DEFAULT NULL,
  `IDCIUDADNAC` int DEFAULT NULL,
  `FECHANAC` date DEFAULT NULL,
  `SEXO` char(1) CHARACTER SET latin1 COLLATE latin1_swedish_ci DEFAULT 'N',
  `RELIGION` varchar(20) CHARACTER SET latin1 COLLATE latin1_swedish_ci DEFAULT 'N',
  `ESTADOCIVIL` char(1) CHARACTER SET latin1 COLLATE latin1_swedish_ci DEFAULT 'N',
  `GRUPOSANGUINEO` varchar(10) CHARACTER SET latin1 COLLATE latin1_swedish_ci DEFAULT 'N',
  `OBSERVACION` varchar(150) DEFAULT NULL,
  `FECHAALTA` timestamp NULL DEFAULT CURRENT_TIMESTAMP,
  `FECULTMOMOV` timestamp NULL DEFAULT '0000-00-00 00:00:00',
  `FOTO` varchar(100) DEFAULT NULL,
  `USU_ALTA` int DEFAULT NULL,
  `USU_MOD` int DEFAULT NULL,
  `IDPAIS` int DEFAULT NULL,
  `TELEFPARTICULAR` varchar(15) DEFAULT NULL,
  `OCUPACION` varchar(50) DEFAULT NULL,
  `ANTECEDENTES` varchar(200) CHARACTER SET latin1 COLLATE latin1_swedish_ci DEFAULT NULL COMMENT 'ANTECEDENTES FAMILIARES',
  `EXPEDIENTE_CLINICO` varchar(200) DEFAULT NULL,
  `IDCLINICA` int DEFAULT NULL,
  `SEGURO_MEDICO` varchar(50) DEFAULT NULL,
  PRIMARY KEY (`IDPERSONA`)
) ENGINE=InnoDB DEFAULT CHARSET=latin1;

/*Data for the table `rh_persona` */

insert  into `rh_persona`(`IDPERSONA`,`NOMBRE`,`APELLIDO`,`CINRO`,`TIPODOC`,`IDCATEGORIA_PERSONA`,`DESC_CATEG_PERSONA`,`RAZON_SOCIAL`,`RUC`,`DIRECCION`,`EMAIL`,`IDBARRIO`,`IDCIUDAD`,`TELFPARTICULAR`,`TELFMOVIL`,`IDCIUDADNAC`,`FECHANAC`,`SEXO`,`RELIGION`,`ESTADOCIVIL`,`GRUPOSANGUINEO`,`OBSERVACION`,`FECHAALTA`,`FECULTMOMOV`,`FOTO`,`USU_ALTA`,`USU_MOD`,`IDPAIS`,`TELEFPARTICULAR`,`OCUPACION`,`ANTECEDENTES`,`EXPEDIENTE_CLINICO`,`IDCLINICA`,`SEGURO_MEDICO`) values 
(0,'','Cliente Ocasional','000000','CI',4,'PACIENTE','(NO/DEFINIDO)','000000',NULL,NULL,0,0,NULL,NULL,0,'2021-11-24','N',NULL,NULL,NULL,NULL,'2021-11-26 10:10:47','0000-00-00 00:00:00',NULL,0,NULL,0,NULL,NULL,NULL,NULL,1,NULL),
(1,'','ROOT','000000','CI',1,'ADMINISTRADOR','',NULL,NULL,NULL,NULL,NULL,NULL,NULL,NULL,NULL,'N','N','N','N',NULL,'2021-11-26 12:29:05','0000-00-00 00:00:00',NULL,NULL,NULL,NULL,NULL,NULL,NULL,NULL,1,NULL),
(2,'Josefina Ester','Mendoza Dos Santos','488522','CI',3,'SECRETARIA/O','Josefina Dos Santos','48852-2','Lorem Ipsum is simply dummy text','josefina@yopmail.com',0,0,'','456113',0,'2022-10-18','N','','N','','','2022-10-18 12:43:59',NULL,'',1,0,0,'','','','',1,''),
(3,'Joseba Mateo','Ruiz Cordoba','337017','CI',5,'MEDICO','Joseba Cordoba','33701-7','Lorem Ipsum is simply dummy text','joseba@yopmail.com',0,0,'','112456',0,'2022-10-18','N','','N','','','2022-10-18 12:45:55',NULL,'',2,0,0,'','','','',1,''),
(4,'Alvaro','Díaz Gimenez','621633','CI',4,'PACIENTE','Alvaro Díaz','62163-3','Lorem Ipsum is simply dummy text','alvaro@yopmail.com',0,0,'','1112354',0,'2002-01-01','M','','N','','','2022-10-18 12:56:13',NULL,'',2,0,0,'','estudiante','Lorem Ipsum is simply dummy text','',1,'ninguno'),
(5,'Francisco','Pascual Peña','18102022','CI',4,'PACIENTE','Francisco Pascual Peña','18102022','Lorem Ipsum is simply dummy text','pascual@yopmail.com',0,0,'','153224',0,'2022-10-18','N','','N','','','2022-10-18 13:17:03',NULL,'',1,0,0,'','','','',1,''),
(6,'Paulo','Barrios Rios','258777','CI',4,'PACIENTE','','','a','',0,0,'','1',0,NULL,'N','','N','','','2022-10-21 10:54:38',NULL,'',2,0,0,'','','','',1,'');

/*Table structure for table `rh_servicio` */

DROP TABLE IF EXISTS `rh_servicio`;

CREATE TABLE `rh_servicio` (
  `IDSERVICIO` int NOT NULL,
  `DESC_SERVICIO` varchar(50) DEFAULT NULL,
  `MONTO` int DEFAULT NULL,
  `ESTADO` char(1) DEFAULT 'A',
  `IVA` int DEFAULT '0',
  PRIMARY KEY (`IDSERVICIO`)
) ENGINE=InnoDB DEFAULT CHARSET=latin1;

/*Data for the table `rh_servicio` */

insert  into `rh_servicio`(`IDSERVICIO`,`DESC_SERVICIO`,`MONTO`,`ESTADO`,`IVA`) values 
(1,'Example',150000,'A',0),
(2,'EXAMPLE INACTIVO',0,'I',0);

/*Table structure for table `sys_config_agend` */

DROP TABLE IF EXISTS `sys_config_agend`;

CREATE TABLE `sys_config_agend` (
  `IDCONFIGAGEND` int NOT NULL AUTO_INCREMENT,
  `DESC_CONFIG` varchar(100) DEFAULT NULL,
  `MAX_AGEND` int DEFAULT NULL COMMENT 'MAXIMO AGENDAMIENTO DE PACIENTES POR MEDICO EN UNA FECHA (POR DIA MAS O MENOS SERIA)',
  `DESC_AGEND` varchar(200) DEFAULT NULL COMMENT 'DESCRIPCION QUE LE VA A APARECER EN LA CUENTA DEL CLIENTE CUENDO TENGA UN AGENDAMIENTO',
  `ESTADO` char(1) DEFAULT NULL COMMENT 'ACTIVO Y INACTIVO; Y SOLO VA A HABER UN ACTIVO POR CLINICA',
  `USU_ALTA` int DEFAULT NULL COMMENT 'USUARIO Y FECHA ALTA DEL USUARIO QUE CREA O EL ULTIMO QUE MODIFICA',
  `FEC_ALTA` timestamp NULL DEFAULT '0000-00-00 00:00:00',
  `IDCLINICA` int DEFAULT NULL COMMENT 'CONFIGURACION DE AGENDAMIENTO POR CLINICA',
  `INTERV_MIN_ENTRE_AGEND` int DEFAULT '0' COMMENT 'CAMPO PARA DEFINIR LOS MINUTOS QUE HAY QUE TENER ENTRE UN AGENDAMIENTO Y OTRO (PARA LA FECHA DE AGEND);',
  PRIMARY KEY (`IDCONFIGAGEND`)
) ENGINE=InnoDB AUTO_INCREMENT=17 DEFAULT CHARSET=latin1;

/*Data for the table `sys_config_agend` */

insert  into `sys_config_agend`(`IDCONFIGAGEND`,`DESC_CONFIG`,`MAX_AGEND`,`DESC_AGEND`,`ESTADO`,`USU_ALTA`,`FEC_ALTA`,`IDCLINICA`,`INTERV_MIN_ENTRE_AGEND`) values 
(16,'EXAMPLE',1,'AGENDAMIENTO DE PRUEBA EL DIA #DIA#/#MES#/#AÑO# A LAS #HORA#.','A',2,'2022-10-19 13:58:48',1,30);

/*Table structure for table `sys_empresa` */

DROP TABLE IF EXISTS `sys_empresa`;

CREATE TABLE `sys_empresa` (
  `IDEMPRESA` int NOT NULL AUTO_INCREMENT,
  `RUC` varchar(20) DEFAULT NULL,
  `RAZONSOCIAL` varchar(100) DEFAULT NULL,
  `DIRECCION` varchar(100) DEFAULT NULL,
  `TELEFONO` varchar(20) DEFAULT NULL,
  `IMAGEN` varchar(150) DEFAULT NULL,
  `DENOMINACION` varchar(50) DEFAULT NULL,
  `EMPLEADORNRO` varchar(20) DEFAULT NULL,
  `NROPATROMAJT` varchar(20) DEFAULT NULL,
  `USU_ALTA` int DEFAULT NULL,
  `FEC_ALTA` timestamp NULL DEFAULT CURRENT_TIMESTAMP,
  `ESTADO` char(1) DEFAULT 'A',
  PRIMARY KEY (`IDEMPRESA`)
) ENGINE=InnoDB AUTO_INCREMENT=2 DEFAULT CHARSET=latin1;

/*Data for the table `sys_empresa` */

insert  into `sys_empresa`(`IDEMPRESA`,`RUC`,`RAZONSOCIAL`,`DIRECCION`,`TELEFONO`,`IMAGEN`,`DENOMINACION`,`EMPLEADORNRO`,`NROPATROMAJT`,`USU_ALTA`,`FEC_ALTA`,`ESTADO`) values 
(0,'000000','(NO/DEFINIDO)',NULL,NULL,NULL,NULL,NULL,NULL,0,'2021-11-25 12:37:26','A'),
(1,'012345','Odontologia',NULL,NULL,NULL,'Odontologia',NULL,NULL,0,'2021-11-25 12:38:29','A');

/*Table structure for table `sys_perfil` */

DROP TABLE IF EXISTS `sys_perfil`;

CREATE TABLE `sys_perfil` (
  `IDPERFIL` int NOT NULL AUTO_INCREMENT,
  `PERFIL` varchar(50) DEFAULT NULL,
  `IDMENU` int DEFAULT NULL,
  `ESTADO` varchar(1) CHARACTER SET latin1 COLLATE latin1_swedish_ci DEFAULT 'A',
  PRIMARY KEY (`IDPERFIL`)
) ENGINE=InnoDB AUTO_INCREMENT=6 DEFAULT CHARSET=latin1;

/*Data for the table `sys_perfil` */

insert  into `sys_perfil`(`IDPERFIL`,`PERFIL`,`IDMENU`,`ESTADO`) values 
(1,'ADMINISTRADOR',1,'A'),
(2,'FUNCIONARIO',1,'I'),
(3,'SECRETARIA/O',1,'A'),
(4,'PACIENTE',1,'A'),
(5,'MEDICO',1,'A');

/*Table structure for table `sys_usuario` */

DROP TABLE IF EXISTS `sys_usuario`;

CREATE TABLE `sys_usuario` (
  `IDUSUARIO` int NOT NULL,
  `IDPERSONA` int DEFAULT NULL,
  `USUARIO` varchar(100) DEFAULT NULL,
  `CLAVE` varchar(100) DEFAULT NULL,
  `ESTADO` varchar(1) DEFAULT 'A',
  `IDPERFIL` int DEFAULT NULL,
  `ESTADO_MIGRAR` varchar(2) DEFAULT 'NO' COMMENT '(NO - SE ESTA MIGRANDO) (SI - SE ESTA MIGRANDO)',
  `WEB` int DEFAULT '0' COMMENT 'Si es 1 (uno) es porque esta conectado o en-linea y si esta en 0 (cero) es porque no esta conectado o ha cerrado sesion',
  `EMAIL` varchar(100) DEFAULT NULL COMMENT 'CAMPO DONDE SE VA A GUARDAR EL EMAIL DONDE SE ENVIARA DATOS DEL USUARIO PARA REGISTRAR O RECUPERAR CUENTA',
  `CONFIR_EMAIL` varchar(2) CHARACTER SET latin1 COLLATE latin1_swedish_ci DEFAULT NULL COMMENT '(VALUES: SI / NO ) CAMPO PARA SABER SI EL USUARIO CONFIRMO SU CUENTA A TAVES DEL EMAIL QUE INGRESO POR MEDIO DE UN CODIGO QUE LE PASAMOS',
  PRIMARY KEY (`IDUSUARIO`)
) ENGINE=InnoDB DEFAULT CHARSET=latin1;

/*Data for the table `sys_usuario` */

insert  into `sys_usuario`(`IDUSUARIO`,`IDPERSONA`,`USUARIO`,`CLAVE`,`ESTADO`,`IDPERFIL`,`ESTADO_MIGRAR`,`WEB`,`EMAIL`,`CONFIR_EMAIL`) values 
(0,1,'ROOT','ž¥Ð6´lZ3®ó|¨','A',1,'NO',0,NULL,'S'),
(1,2,'josefina','Úèb‡ÙÓ·b×7‹k®§ü','A',3,'NO',0,'josefina@yopmail.com','NO'),
(2,3,'Joseba','Úèb‡ÙÓ·b×7‹k®§ü','A',5,'NO',0,'joseba@yopmail.com','NO'),
(3,5,'fran','Úèb‡ÙÓ·b×7‹k®§ü','A',4,'NO',1,'pascual@yopmail.com','NO');

/*!40101 SET SQL_MODE=@OLD_SQL_MODE */;
/*!40014 SET FOREIGN_KEY_CHECKS=@OLD_FOREIGN_KEY_CHECKS */;
/*!40014 SET UNIQUE_CHECKS=@OLD_UNIQUE_CHECKS */;
/*!40111 SET SQL_NOTES=@OLD_SQL_NOTES */;
